Data Quality Assurance and Flagging,,,,,
,,,,,
THIS IS FOR THE TOWER,,,,,
,,,,,
Instrument / measurement,"date, time start","date, time end",Flag,Reason,Who
"[i.e., temp_2m]",[YYYYMMDD hhmmss],[YYYYMMDD hhmmss],"[1,2,3,4]",[details for determination],[last name]
apogee_body_T,beg,20191015 075400,2,The sensor was not recording and 0s were stored.,ccox
apogee_targ_T,beg,20191015 075400,2,The sensor was not recording and 0s were stored.,ccox
apogee_targ_T,20200827 093014,20200827 111106,1,something warm is under the IRT. I don't understand this signal.,ccox
apogee_targ_T,20200729 083702,20200729 084030,1,"something warm is under the IRT. I don't understand this signal, but I think people were around",ccox
dew_point_10m,20200712 184300,20200712 191900,2,"Odd behavior in RH sensor at power on: Plausibly, when the tower was powered back on after being off, the (heated) RH sensor needed to warm and equillibrate. It seems this equillibration period is 15-30 min and has a characteristic shape: when the tower turns on the RH starts very low, increases very high then falls back to the accurate value. Instead of automating a screening procedure I just mannually screened the RH data.",ccox
dew_point_10m,20200716 111200,20200716 114300,2,"Odd behavior in RH sensor at power on: Plausibly, when the tower was powered back on after being off, the (heated) RH sensor needed to warm and equillibrate. It seems this equillibration period is 15-30 min and has a characteristic shape: when the tower turns on the RH starts very low, increases very high then falls back to the accurate value. Instead of automating a screening procedure I just mannually screened the RH data.",ccox
dew_point_10m,20200717 064900,20200717 072200,2,"Odd behavior in RH sensor at power on: Plausibly, when the tower was powered back on after being off, the (heated) RH sensor needed to warm and equillibrate. It seems this equillibration period is 15-30 min and has a characteristic shape: when the tower turns on the RH starts very low, increases very high then falls back to the accurate value. Instead of automating a screening procedure I just mannually screened the RH data.",ccox
dew_point_10m,20200718 100100,20200718 101500,2,"Odd behavior in RH sensor at power on: Plausibly, when the tower was powered back on after being off, the (heated) RH sensor needed to warm and equillibrate. It seems this equillibration period is 15-30 min and has a characteristic shape: when the tower turns on the RH starts very low, increases very high then falls back to the accurate value. Instead of automating a screening procedure I just mannually screened the RH data.",ccox
dew_point_2m,20200712 184300,20200712 191900,2,"Odd behavior in RH sensor at power on: Plausibly, when the tower was powered back on after being off, the (heated) RH sensor needed to warm and equillibrate. It seems this equillibration period is 15-30 min and has a characteristic shape: when the tower turns on the RH starts very low, increases very high then falls back to the accurate value. Instead of automating a screening procedure I just mannually screened the RH data.",ccox
dew_point_2m,20200716 111200,20200716 114300,2,"Odd behavior in RH sensor at power on: Plausibly, when the tower was powered back on after being off, the (heated) RH sensor needed to warm and equillibrate. It seems this equillibration period is 15-30 min and has a characteristic shape: when the tower turns on the RH starts very low, increases very high then falls back to the accurate value. Instead of automating a screening procedure I just mannually screened the RH data.",ccox
dew_point_2m,20200717 064900,20200717 072200,2,"Odd behavior in RH sensor at power on: Plausibly, when the tower was powered back on after being off, the (heated) RH sensor needed to warm and equillibrate. It seems this equillibration period is 15-30 min and has a characteristic shape: when the tower turns on the RH starts very low, increases very high then falls back to the accurate value. Instead of automating a screening procedure I just mannually screened the RH data.",ccox
dew_point_2m,20200718 100100,20200718 101500,2,"Odd behavior in RH sensor at power on: Plausibly, when the tower was powered back on after being off, the (heated) RH sensor needed to warm and equillibrate. It seems this equillibration period is 15-30 min and has a characteristic shape: when the tower turns on the RH starts very low, increases very high then falls back to the accurate value. Instead of automating a screening procedure I just mannually screened the RH data.",ccox
dew_point_6m,20200712 184300,20200712 191900,2,"Odd behavior in RH sensor at power on: Plausibly, when the tower was powered back on after being off, the (heated) RH sensor needed to warm and equillibrate. It seems this equillibration period is 15-30 min and has a characteristic shape: when the tower turns on the RH starts very low, increases very high then falls back to the accurate value. Instead of automating a screening procedure I just mannually screened the RH data.",ccox
dew_point_6m,20200716 111200,20200716 114300,2,"Odd behavior in RH sensor at power on: Plausibly, when the tower was powered back on after being off, the (heated) RH sensor needed to warm and equillibrate. It seems this equillibration period is 15-30 min and has a characteristic shape: when the tower turns on the RH starts very low, increases very high then falls back to the accurate value. Instead of automating a screening procedure I just mannually screened the RH data.",ccox
dew_point_6m,20200717 064900,20200717 072200,2,"Odd behavior in RH sensor at power on: Plausibly, when the tower was powered back on after being off, the (heated) RH sensor needed to warm and equillibrate. It seems this equillibration period is 15-30 min and has a characteristic shape: when the tower turns on the RH starts very low, increases very high then falls back to the accurate value. Instead of automating a screening procedure I just mannually screened the RH data.",ccox
dew_point_6m,20200718 100100,20200718 101500,2,"Odd behavior in RH sensor at power on: Plausibly, when the tower was powered back on after being off, the (heated) RH sensor needed to warm and equillibrate. It seems this equillibration period is 15-30 min and has a characteristic shape: when the tower turns on the RH starts very low, increases very high then falls back to the accurate value. Instead of automating a screening procedure I just mannually screened the RH data.",ccox
heading_tower,beg,20191024 053000,2,Tower wasn't raised. These data are thus nonsense.,ccox
atmos_pressure_mast,20200313 000000,20200513 000000,2,"Physical variability, but major (10s of mb) positive bias appeared during the Leg 3 Newdle reboot.",ccox
rh_mast,20191126 121400,20191126 124500,2,Some sort of equillibration problem when WXT turned on Leg 1 mast reboot,ccox
mixing_ratio_10m,20200712 184300,20200712 191900,2,"Odd behavior in RH sensor at power on: Plausibly, when the tower was powered back on after being off, the (heated) RH sensor needed to warm and equillibrate. It seems this equillibration period is 15-30 min and has a characteristic shape: when the tower turns on the RH starts very low, increases very high then falls back to the accurate value. Instead of automating a screening procedure I just mannually screened the RH data.",ccox
mixing_ratio_10m,20200716 111200,20200716 114300,2,"Odd behavior in RH sensor at power on: Plausibly, when the tower was powered back on after being off, the (heated) RH sensor needed to warm and equillibrate. It seems this equillibration period is 15-30 min and has a characteristic shape: when the tower turns on the RH starts very low, increases very high then falls back to the accurate value. Instead of automating a screening procedure I just mannually screened the RH data.",ccox
mixing_ratio_10m,20200717 064900,20200717 072200,2,"Odd behavior in RH sensor at power on: Plausibly, when the tower was powered back on after being off, the (heated) RH sensor needed to warm and equillibrate. It seems this equillibration period is 15-30 min and has a characteristic shape: when the tower turns on the RH starts very low, increases very high then falls back to the accurate value. Instead of automating a screening procedure I just mannually screened the RH data.",ccox
mixing_ratio_10m,20200718 100100,20200718 101500,2,"Odd behavior in RH sensor at power on: Plausibly, when the tower was powered back on after being off, the (heated) RH sensor needed to warm and equillibrate. It seems this equillibration period is 15-30 min and has a characteristic shape: when the tower turns on the RH starts very low, increases very high then falls back to the accurate value. Instead of automating a screening procedure I just mannually screened the RH data.",ccox
mixing_ratio_2m,20200712 184300,20200712 191900,2,"Odd behavior in RH sensor at power on: Plausibly, when the tower was powered back on after being off, the (heated) RH sensor needed to warm and equillibrate. It seems this equillibration period is 15-30 min and has a characteristic shape: when the tower turns on the RH starts very low, increases very high then falls back to the accurate value. Instead of automating a screening procedure I just mannually screened the RH data.",ccox
mixing_ratio_2m,20200716 111200,20200716 114300,2,"Odd behavior in RH sensor at power on: Plausibly, when the tower was powered back on after being off, the (heated) RH sensor needed to warm and equillibrate. It seems this equillibration period is 15-30 min and has a characteristic shape: when the tower turns on the RH starts very low, increases very high then falls back to the accurate value. Instead of automating a screening procedure I just mannually screened the RH data.",ccox
mixing_ratio_2m,20200717 064900,20200717 072200,2,"Odd behavior in RH sensor at power on: Plausibly, when the tower was powered back on after being off, the (heated) RH sensor needed to warm and equillibrate. It seems this equillibration period is 15-30 min and has a characteristic shape: when the tower turns on the RH starts very low, increases very high then falls back to the accurate value. Instead of automating a screening procedure I just mannually screened the RH data.",ccox
mixing_ratio_2m,20200718 100100,20200718 101500,2,"Odd behavior in RH sensor at power on: Plausibly, when the tower was powered back on after being off, the (heated) RH sensor needed to warm and equillibrate. It seems this equillibration period is 15-30 min and has a characteristic shape: when the tower turns on the RH starts very low, increases very high then falls back to the accurate value. Instead of automating a screening procedure I just mannually screened the RH data.",ccox
mixing_ratio_6m,20200712 184300,20200712 191900,2,"Odd behavior in RH sensor at power on: Plausibly, when the tower was powered back on after being off, the (heated) RH sensor needed to warm and equillibrate. It seems this equillibration period is 15-30 min and has a characteristic shape: when the tower turns on the RH starts very low, increases very high then falls back to the accurate value. Instead of automating a screening procedure I just mannually screened the RH data.",ccox
mixing_ratio_6m,20200716 111200,20200716 114300,2,"Odd behavior in RH sensor at power on: Plausibly, when the tower was powered back on after being off, the (heated) RH sensor needed to warm and equillibrate. It seems this equillibration period is 15-30 min and has a characteristic shape: when the tower turns on the RH starts very low, increases very high then falls back to the accurate value. Instead of automating a screening procedure I just mannually screened the RH data.",ccox
mixing_ratio_6m,20200717 064900,20200717 072200,2,"Odd behavior in RH sensor at power on: Plausibly, when the tower was powered back on after being off, the (heated) RH sensor needed to warm and equillibrate. It seems this equillibration period is 15-30 min and has a characteristic shape: when the tower turns on the RH starts very low, increases very high then falls back to the accurate value. Instead of automating a screening procedure I just mannually screened the RH data.",ccox
mixing_ratio_6m,20200718 100100,20200718 101500,2,"Odd behavior in RH sensor at power on: Plausibly, when the tower was powered back on after being off, the (heated) RH sensor needed to warm and equillibrate. It seems this equillibration period is 15-30 min and has a characteristic shape: when the tower turns on the RH starts very low, increases very high then falls back to the accurate value. Instead of automating a screening procedure I just mannually screened the RH data.",ccox
rh_10m,20200712 184300,20200712 191900,2,"Odd behavior in RH sensor at power on: Plausibly, when the tower was powered back on after being off, the (heated) RH sensor needed to warm and equillibrate. It seems this equillibration period is 15-30 min and has a characteristic shape: when the tower turns on the RH starts very low, increases very high then falls back to the accurate value. Instead of automating a screening procedure I just mannually screened the RH data.",ccox
rh_10m,20200716 111200,20200716 114300,2,"Odd behavior in RH sensor at power on: Plausibly, when the tower was powered back on after being off, the (heated) RH sensor needed to warm and equillibrate. It seems this equillibration period is 15-30 min and has a characteristic shape: when the tower turns on the RH starts very low, increases very high then falls back to the accurate value. Instead of automating a screening procedure I just mannually screened the RH data.",ccox
rh_10m,20200717 064900,20200717 072200,2,"Odd behavior in RH sensor at power on: Plausibly, when the tower was powered back on after being off, the (heated) RH sensor needed to warm and equillibrate. It seems this equillibration period is 15-30 min and has a characteristic shape: when the tower turns on the RH starts very low, increases very high then falls back to the accurate value. Instead of automating a screening procedure I just mannually screened the RH data.",ccox
rh_10m,20200718 100100,20200718 101500,2,"Odd behavior in RH sensor at power on: Plausibly, when the tower was powered back on after being off, the (heated) RH sensor needed to warm and equillibrate. It seems this equillibration period is 15-30 min and has a characteristic shape: when the tower turns on the RH starts very low, increases very high then falls back to the accurate value. Instead of automating a screening procedure I just mannually screened the RH data.",ccox
rh_2m,20200712 184300,20200712 191900,2,"Odd behavior in RH sensor at power on: Plausibly, when the tower was powered back on after being off, the (heated) RH sensor needed to warm and equillibrate. It seems this equillibration period is 15-30 min and has a characteristic shape: when the tower turns on the RH starts very low, increases very high then falls back to the accurate value. Instead of automating a screening procedure I just mannually screened the RH data.",ccox
rh_2m,20200716 111200,20200716 114300,2,"Odd behavior in RH sensor at power on: Plausibly, when the tower was powered back on after being off, the (heated) RH sensor needed to warm and equillibrate. It seems this equillibration period is 15-30 min and has a characteristic shape: when the tower turns on the RH starts very low, increases very high then falls back to the accurate value. Instead of automating a screening procedure I just mannually screened the RH data.",ccox
rh_2m,20200717 064900,20200717 072200,2,"Odd behavior in RH sensor at power on: Plausibly, when the tower was powered back on after being off, the (heated) RH sensor needed to warm and equillibrate. It seems this equillibration period is 15-30 min and has a characteristic shape: when the tower turns on the RH starts very low, increases very high then falls back to the accurate value. Instead of automating a screening procedure I just mannually screened the RH data.",ccox
rh_2m,20200718 100100,20200718 101500,2,"Odd behavior in RH sensor at power on: Plausibly, when the tower was powered back on after being off, the (heated) RH sensor needed to warm and equillibrate. It seems this equillibration period is 15-30 min and has a characteristic shape: when the tower turns on the RH starts very low, increases very high then falls back to the accurate value. Instead of automating a screening procedure I just mannually screened the RH data.",ccox
rh_6m,20200712 184300,20200712 191900,2,"Odd behavior in RH sensor at power on: Plausibly, when the tower was powered back on after being off, the (heated) RH sensor needed to warm and equillibrate. It seems this equillibration period is 15-30 min and has a characteristic shape: when the tower turns on the RH starts very low, increases very high then falls back to the accurate value. Instead of automating a screening procedure I just mannually screened the RH data.",ccox
rh_6m,20200716 111200,20200716 114300,2,"Odd behavior in RH sensor at power on: Plausibly, when the tower was powered back on after being off, the (heated) RH sensor needed to warm and equillibrate. It seems this equillibration period is 15-30 min and has a characteristic shape: when the tower turns on the RH starts very low, increases very high then falls back to the accurate value. Instead of automating a screening procedure I just mannually screened the RH data.",ccox
rh_6m,20200717 064900,20200717 072200,2,"Odd behavior in RH sensor at power on: Plausibly, when the tower was powered back on after being off, the (heated) RH sensor needed to warm and equillibrate. It seems this equillibration period is 15-30 min and has a characteristic shape: when the tower turns on the RH starts very low, increases very high then falls back to the accurate value. Instead of automating a screening procedure I just mannually screened the RH data.",ccox
rh_6m,20200718 100100,20200718 101500,2,"Odd behavior in RH sensor at power on: Plausibly, when the tower was powered back on after being off, the (heated) RH sensor needed to warm and equillibrate. It seems this equillibration period is 15-30 min and has a characteristic shape: when the tower turns on the RH starts very low, increases very high then falls back to the accurate value. Instead of automating a screening procedure I just mannually screened the RH data.",ccox
sr50_dist,beg,20191024 053000,2,Tower wasn't raised. These data are thus nonsense.,ccox
sr50_dist,20200223 182500,20200224 083800,1,sr50 detetcing multiple surfaces amisdt 0s. Icing may be a factor or some heterogeneity. No corrections.,ccox
sr50_dist,20200219 091600,20200221 230200,1,sr50 detetcing multiple surfaces amisdt 0s. Icing may be a factor or some heterogeneity. Corrections applied.,ccox
sr50_dist,20200624 000000,20200627 093300,2,tower was laid down,ccox
sr50_dist,20200702 080500,20200702 135000,2,"ablation shielding being installed, sensors being moved",ccox
sr50_dist,20200918 043700,end,2,tower taken down,ccox
sr50_dist,20200729 083500,20200729 084200,2,tower taken down,ccox
sr50_dist,20200827 105000,20200827 110400,1,The surface distance fluctuates during this period right after the sr50 comes online after the tower is raised (it was actually raised on 8/25 but no sr50 until now). I'm removing data prior to when the signal settles on a height and assuming people as adjusting it. The initialization in the code shall reflect the information as 1104Z.,ccox
sr50_dist,20200729 083600,20200729 084000,2,tower decomission,ccox
sr50_dist,20200702 080600,20200702 135000,2,"Intractable shifts in height. I think they were making adjustments to the tower, extedning the boom, and adding ablation shielding.",ccox
sr50_dist,20200627 093300,20200702 080600,1,"recommending caution here: multiple surfaces, confusing signal, and notes of ""landscaping"" and ""disturbance"" by Matt.",ccox
subsurface_heat_flux_B,20200511 000000,20200918 054200,1,all flux plate data after initial removals are caution,mgallagher
subsurface_heat_flux_A,20200511 000000,20200918 054200,1,all flux plate data after initial removals are caution,mgallagher
subsurface_heat_flux_A,20200628 133200,20200628 134300,2,being installed?,ccox
subsurface_heat_flux_A,20200630 080800,20200630 081200,2,being installed?,ccox
subsurface_heat_flux_A,20200607 113000,20200607 123500,3,on PS. I think Chris turned on the box to show people something and analog data was recorded in the container,ccox
subsurface_heat_flux_A,20200827 115700,20200827 122100,2,spike. being installed?,ccox
subsurface_heat_flux_A,20200918 044800,20200918 054200,2,removing from ice,ccox
subsurface_heat_flux_B,20200628 133200,20200628 135500,2,being installed?,ccox
subsurface_heat_flux_B,20200630 075700,20200630 081200,2,being installed?,ccox
subsurface_heat_flux_B,20200607 113000,20200607 123500,3,on PS. I think Chris turned on the box to show people something and analog data was recorded in the container,ccox
subsurface_heat_flux_B,20200827 115500,20200827 120000,2,spike. being installed?,ccox
subsurface_heat_flux_B,20200918 045000,20200918 054200,2,removing from ice,ccox
subsurface_heat_flux_A,20200918 045000,20200918 054200,2,removing from ice,ccox
temp_6m,20200619 175600,20200619 180000,2,spike,ccox
tower_ice_alt,beg,20191024 053000,2,Tower wasn't raised. These data are thus nonsense.,ccox
up_long_hemisp,20191015 043500,20191015 053900,2,Identified as bad by comparison to IRT,ccox
up_long_hemisp,20200702 144600,20200704 172800,2,Identified as bad by comparison to IRT,ccox
up_long_hemisp,20200826 000000,20200826 222900,2,Identified as bad by comparison to IRT,ccox
up_long_hemisp,20190913 115100,20190913 181800,2,Identified as bad by comparison to IRT,ccox
atmos_pressure_2m,20200117 172132,20200119 115500,2,Constant values. Probably sensor not responding and last response stuck in logger memory allocation.,ccox
rh_10m,beg,20191019 071937,1,"Right at the beginning, possibly bogus temps",ccox
rh_10m,20191118 111100,20191118 111300,1,"Odd behavior in RH sensor at power on: Plausibly, when the tower was powered back on after being off, the (heated) RH sensor needed to warm and equillibrate. It seems this equillibration period is 15-30 min and has a characteristic shape: when the tower turns on the RH starts very low, increases very high then falls back to the accurate value. Instead of automating a screening procedure I just mannually screened the RH data.",ccox
rh_10m,20191119 035900,20191119 042600,1,"Odd behavior in RH sensor at power on: Plausibly, when the tower was powered back on after being off, the (heated) RH sensor needed to warm and equillibrate. It seems this equillibration period is 15-30 min and has a characteristic shape: when the tower turns on the RH starts very low, increases very high then falls back to the accurate value. Instead of automating a screening procedure I just mannually screened the RH data.",ccox
rh_10m,20191119 111600,20191119 112000,1,"Odd behavior in RH sensor at power on: Plausibly, when the tower was powered back on after being off, the (heated) RH sensor needed to warm and equillibrate. It seems this equillibration period is 15-30 min and has a characteristic shape: when the tower turns on the RH starts very low, increases very high then falls back to the accurate value. Instead of automating a screening procedure I just mannually screened the RH data.",ccox
rh_10m,20191120 083900,20191120 085500,1,"Odd behavior in RH sensor at power on: Plausibly, when the tower was powered back on after being off, the (heated) RH sensor needed to warm and equillibrate. It seems this equillibration period is 15-30 min and has a characteristic shape: when the tower turns on the RH starts very low, increases very high then falls back to the accurate value. Instead of automating a screening procedure I just mannually screened the RH data.",ccox
rh_10m,20191120 095000,20191120 095600,1,"Odd behavior in RH sensor at power on: Plausibly, when the tower was powered back on after being off, the (heated) RH sensor needed to warm and equillibrate. It seems this equillibration period is 15-30 min and has a characteristic shape: when the tower turns on the RH starts very low, increases very high then falls back to the accurate value. Instead of automating a screening procedure I just mannually screened the RH data.",ccox
rh_10m,20191121 040500,20191121 041600,1,"Odd behavior in RH sensor at power on: Plausibly, when the tower was powered back on after being off, the (heated) RH sensor needed to warm and equillibrate. It seems this equillibration period is 15-30 min and has a characteristic shape: when the tower turns on the RH starts very low, increases very high then falls back to the accurate value. Instead of automating a screening procedure I just mannually screened the RH data.",ccox
rh_10m,20191121 112300,20191121 113400,1,"Odd behavior in RH sensor at power on: Plausibly, when the tower was powered back on after being off, the (heated) RH sensor needed to warm and equillibrate. It seems this equillibration period is 15-30 min and has a characteristic shape: when the tower turns on the RH starts very low, increases very high then falls back to the accurate value. Instead of automating a screening procedure I just mannually screened the RH data.",ccox
rh_10m,20191123 041600,20191123 043000,1,"Odd behavior in RH sensor at power on: Plausibly, when the tower was powered back on after being off, the (heated) RH sensor needed to warm and equillibrate. It seems this equillibration period is 15-30 min and has a characteristic shape: when the tower turns on the RH starts very low, increases very high then falls back to the accurate value. Instead of automating a screening procedure I just mannually screened the RH data.",ccox
rh_10m,20191123 111100,20191123 113300,1,"Odd behavior in RH sensor at power on: Plausibly, when the tower was powered back on after being off, the (heated) RH sensor needed to warm and equillibrate. It seems this equillibration period is 15-30 min and has a characteristic shape: when the tower turns on the RH starts very low, increases very high then falls back to the accurate value. Instead of automating a screening procedure I just mannually screened the RH data.",ccox
rh_10m,20191125 045100,20191125 045900,1,"Odd behavior in RH sensor at power on: Plausibly, when the tower was powered back on after being off, the (heated) RH sensor needed to warm and equillibrate. It seems this equillibration period is 15-30 min and has a characteristic shape: when the tower turns on the RH starts very low, increases very high then falls back to the accurate value. Instead of automating a screening procedure I just mannually screened the RH data.",ccox
rh_10m,20191125 093400,20191125 005400,1,"Odd behavior in RH sensor at power on: Plausibly, when the tower was powered back on after being off, the (heated) RH sensor needed to warm and equillibrate. It seems this equillibration period is 15-30 min and has a characteristic shape: when the tower turns on the RH starts very low, increases very high then falls back to the accurate value. Instead of automating a screening procedure I just mannually screened the RH data.",ccox
rh_10m,20191126 053600,20191126 060000,1,"Odd behavior in RH sensor at power on: Plausibly, when the tower was powered back on after being off, the (heated) RH sensor needed to warm and equillibrate. It seems this equillibration period is 15-30 min and has a characteristic shape: when the tower turns on the RH starts very low, increases very high then falls back to the accurate value. Instead of automating a screening procedure I just mannually screened the RH data.",ccox
rh_10m,20191127 045500,20191127 054400,1,"Odd behavior in RH sensor at power on: Plausibly, when the tower was powered back on after being off, the (heated) RH sensor needed to warm and equillibrate. It seems this equillibration period is 15-30 min and has a characteristic shape: when the tower turns on the RH starts very low, increases very high then falls back to the accurate value. Instead of automating a screening procedure I just mannually screened the RH data.",ccox
rh_10m,20191128 043500,20191128 044800,1,"Odd behavior in RH sensor at power on: Plausibly, when the tower was powered back on after being off, the (heated) RH sensor needed to warm and equillibrate. It seems this equillibration period is 15-30 min and has a characteristic shape: when the tower turns on the RH starts very low, increases very high then falls back to the accurate value. Instead of automating a screening procedure I just mannually screened the RH data.",ccox
rh_10m,20191128 121100,20191128 123700,1,"Odd behavior in RH sensor at power on: Plausibly, when the tower was powered back on after being off, the (heated) RH sensor needed to warm and equillibrate. It seems this equillibration period is 15-30 min and has a characteristic shape: when the tower turns on the RH starts very low, increases very high then falls back to the accurate value. Instead of automating a screening procedure I just mannually screened the RH data.",ccox
rh_10m,20191210 071700,20191210 074300,1,"Odd behavior in RH sensor at power on: Plausibly, when the tower was powered back on after being off, the (heated) RH sensor needed to warm and equillibrate. It seems this equillibration period is 15-30 min and has a characteristic shape: when the tower turns on the RH starts very low, increases very high then falls back to the accurate value. Instead of automating a screening procedure I just mannually screened the RH data.",ccox
rh_10m,20191211 080400,20191211 082900,1,"Odd behavior in RH sensor at power on: Plausibly, when the tower was powered back on after being off, the (heated) RH sensor needed to warm and equillibrate. It seems this equillibration period is 15-30 min and has a characteristic shape: when the tower turns on the RH starts very low, increases very high then falls back to the accurate value. Instead of automating a screening procedure I just mannually screened the RH data.",ccox
rh_10m,20200115 075300,20200115 081800,1,"Odd behavior in RH sensor at power on: Plausibly, when the tower was powered back on after being off, the (heated) RH sensor needed to warm and equillibrate. It seems this equillibration period is 15-30 min and has a characteristic shape: when the tower turns on the RH starts very low, increases very high then falls back to the accurate value. Instead of automating a screening procedure I just mannually screened the RH data.",ccox
rh_10m,20200213 075900,20200213 082700,1,"Odd behavior in RH sensor at power on: Plausibly, when the tower was powered back on after being off, the (heated) RH sensor needed to warm and equillibrate. It seems this equillibration period is 15-30 min and has a characteristic shape: when the tower turns on the RH starts very low, increases very high then falls back to the accurate value. Instead of automating a screening procedure I just mannually screened the RH data.",ccox
rh_10m,20200311 173300,20200311 180100,1,"Odd behavior in RH sensor at power on: Plausibly, when the tower was powered back on after being off, the (heated) RH sensor needed to warm and equillibrate. It seems this equillibration period is 15-30 min and has a characteristic shape: when the tower turns on the RH starts very low, increases very high then falls back to the accurate value. Instead of automating a screening procedure I just mannually screened the RH data.",ccox
rh_10m,20200312 095000,20200312 102600,1,"Odd behavior in RH sensor at power on: Plausibly, when the tower was powered back on after being off, the (heated) RH sensor needed to warm and equillibrate. It seems this equillibration period is 15-30 min and has a characteristic shape: when the tower turns on the RH starts very low, increases very high then falls back to the accurate value. Instead of automating a screening procedure I just mannually screened the RH data.",ccox
rh_10m,20200323 235700,20200324 002300,1,"Odd behavior in RH sensor at power on: Plausibly, when the tower was powered back on after being off, the (heated) RH sensor needed to warm and equillibrate. It seems this equillibration period is 15-30 min and has a characteristic shape: when the tower turns on the RH starts very low, increases very high then falls back to the accurate value. Instead of automating a screening procedure I just mannually screened the RH data.",ccox
rh_10m,20200402 135800,20200402 142600,1,"Odd behavior in RH sensor at power on: Plausibly, when the tower was powered back on after being off, the (heated) RH sensor needed to warm and equillibrate. It seems this equillibration period is 15-30 min and has a characteristic shape: when the tower turns on the RH starts very low, increases very high then falls back to the accurate value. Instead of automating a screening procedure I just mannually screened the RH data.",ccox
rh_10m,20200404 091300,20200404 093800,1,"Odd behavior in RH sensor at power on: Plausibly, when the tower was powered back on after being off, the (heated) RH sensor needed to warm and equillibrate. It seems this equillibration period is 15-30 min and has a characteristic shape: when the tower turns on the RH starts very low, increases very high then falls back to the accurate value. Instead of automating a screening procedure I just mannually screened the RH data.",ccox
rh_10m,20200407 154200,20200407 161000,1,"Odd behavior in RH sensor at power on: Plausibly, when the tower was powered back on after being off, the (heated) RH sensor needed to warm and equillibrate. It seems this equillibration period is 15-30 min and has a characteristic shape: when the tower turns on the RH starts very low, increases very high then falls back to the accurate value. Instead of automating a screening procedure I just mannually screened the RH data.",ccox
rh_10m,20200420 084300,20200420 084600,1,"Odd behavior in RH sensor at power on: Plausibly, when the tower was powered back on after being off, the (heated) RH sensor needed to warm and equillibrate. It seems this equillibration period is 15-30 min and has a characteristic shape: when the tower turns on the RH starts very low, increases very high then falls back to the accurate value. Instead of automating a screening procedure I just mannually screened the RH data.",ccox
rh_2m,20200117 172132,20200119 115500,2,Constant values. Probably sensor not responding and last response stuck in logger memory allocation.,ccox
rh_2m,beg,20191019 071937,1,"Right at the beginning, possibly bogus temps",ccox
rh_2m,20191019 065200,20191019 065300,1,"Odd behavior in RH sensor at power on: Plausibly, when the tower was powered back on after being off, the (heated) RH sensor needed to warm and equillibrate. It seems this equillibration period is 15-30 min and has a characteristic shape: when the tower turns on the RH starts very low, increases very high then falls back to the accurate value. Instead of automating a screening procedure I just mannually screened the RH data.",ccox
rh_2m,20191118 111100,20191118 111300,1,"Odd behavior in RH sensor at power on: Plausibly, when the tower was powered back on after being off, the (heated) RH sensor needed to warm and equillibrate. It seems this equillibration period is 15-30 min and has a characteristic shape: when the tower turns on the RH starts very low, increases very high then falls back to the accurate value. Instead of automating a screening procedure I just mannually screened the RH data.",ccox
rh_2m,20191119 035900,20191119 042600,1,"Odd behavior in RH sensor at power on: Plausibly, when the tower was powered back on after being off, the (heated) RH sensor needed to warm and equillibrate. It seems this equillibration period is 15-30 min and has a characteristic shape: when the tower turns on the RH starts very low, increases very high then falls back to the accurate value. Instead of automating a screening procedure I just mannually screened the RH data.",ccox
rh_2m,20191119 111600,20191119 112000,1,"Odd behavior in RH sensor at power on: Plausibly, when the tower was powered back on after being off, the (heated) RH sensor needed to warm and equillibrate. It seems this equillibration period is 15-30 min and has a characteristic shape: when the tower turns on the RH starts very low, increases very high then falls back to the accurate value. Instead of automating a screening procedure I just mannually screened the RH data.",ccox
rh_2m,20191120 083900,20191120 085500,1,"Odd behavior in RH sensor at power on: Plausibly, when the tower was powered back on after being off, the (heated) RH sensor needed to warm and equillibrate. It seems this equillibration period is 15-30 min and has a characteristic shape: when the tower turns on the RH starts very low, increases very high then falls back to the accurate value. Instead of automating a screening procedure I just mannually screened the RH data.",ccox
rh_2m,20191120 095000,20191120 095600,1,"Odd behavior in RH sensor at power on: Plausibly, when the tower was powered back on after being off, the (heated) RH sensor needed to warm and equillibrate. It seems this equillibration period is 15-30 min and has a characteristic shape: when the tower turns on the RH starts very low, increases very high then falls back to the accurate value. Instead of automating a screening procedure I just mannually screened the RH data.",ccox
rh_2m,20191121 040500,20191121 041600,1,"Odd behavior in RH sensor at power on: Plausibly, when the tower was powered back on after being off, the (heated) RH sensor needed to warm and equillibrate. It seems this equillibration period is 15-30 min and has a characteristic shape: when the tower turns on the RH starts very low, increases very high then falls back to the accurate value. Instead of automating a screening procedure I just mannually screened the RH data.",ccox
rh_2m,20191121 112300,20191121 113400,1,"Odd behavior in RH sensor at power on: Plausibly, when the tower was powered back on after being off, the (heated) RH sensor needed to warm and equillibrate. It seems this equillibration period is 15-30 min and has a characteristic shape: when the tower turns on the RH starts very low, increases very high then falls back to the accurate value. Instead of automating a screening procedure I just mannually screened the RH data.",ccox
rh_2m,20191123 041600,20191123 043000,1,"Odd behavior in RH sensor at power on: Plausibly, when the tower was powered back on after being off, the (heated) RH sensor needed to warm and equillibrate. It seems this equillibration period is 15-30 min and has a characteristic shape: when the tower turns on the RH starts very low, increases very high then falls back to the accurate value. Instead of automating a screening procedure I just mannually screened the RH data.",ccox
rh_2m,20191123 111100,20191123 113300,1,"Odd behavior in RH sensor at power on: Plausibly, when the tower was powered back on after being off, the (heated) RH sensor needed to warm and equillibrate. It seems this equillibration period is 15-30 min and has a characteristic shape: when the tower turns on the RH starts very low, increases very high then falls back to the accurate value. Instead of automating a screening procedure I just mannually screened the RH data.",ccox
rh_2m,20191125 045100,20191125 045900,1,"Odd behavior in RH sensor at power on: Plausibly, when the tower was powered back on after being off, the (heated) RH sensor needed to warm and equillibrate. It seems this equillibration period is 15-30 min and has a characteristic shape: when the tower turns on the RH starts very low, increases very high then falls back to the accurate value. Instead of automating a screening procedure I just mannually screened the RH data.",ccox
rh_2m,20191125 093400,20191125 005400,1,"Odd behavior in RH sensor at power on: Plausibly, when the tower was powered back on after being off, the (heated) RH sensor needed to warm and equillibrate. It seems this equillibration period is 15-30 min and has a characteristic shape: when the tower turns on the RH starts very low, increases very high then falls back to the accurate value. Instead of automating a screening procedure I just mannually screened the RH data.",ccox
rh_2m,20191126 053600,20191126 060000,1,"Odd behavior in RH sensor at power on: Plausibly, when the tower was powered back on after being off, the (heated) RH sensor needed to warm and equillibrate. It seems this equillibration period is 15-30 min and has a characteristic shape: when the tower turns on the RH starts very low, increases very high then falls back to the accurate value. Instead of automating a screening procedure I just mannually screened the RH data.",ccox
rh_2m,20191127 045500,20191127 054400,2,"Odd behavior in RH sensor at power on: Plausibly, when the tower was powered back on after being off, the (heated) RH sensor needed to warm and equillibrate. It seems this equillibration period is 15-30 min and has a characteristic shape: when the tower turns on the RH starts very low, increases very high then falls back to the accurate value. Instead of automating a screening procedure I just mannually screened the RH data.",ccox
rh_2m,20191128 043500,20191128 044800,1,"Odd behavior in RH sensor at power on: Plausibly, when the tower was powered back on after being off, the (heated) RH sensor needed to warm and equillibrate. It seems this equillibration period is 15-30 min and has a characteristic shape: when the tower turns on the RH starts very low, increases very high then falls back to the accurate value. Instead of automating a screening procedure I just mannually screened the RH data.",ccox
rh_2m,20191128 121100,20191128 123700,1,"Odd behavior in RH sensor at power on: Plausibly, when the tower was powered back on after being off, the (heated) RH sensor needed to warm and equillibrate. It seems this equillibration period is 15-30 min and has a characteristic shape: when the tower turns on the RH starts very low, increases very high then falls back to the accurate value. Instead of automating a screening procedure I just mannually screened the RH data.",ccox
rh_2m,20191210 071700,20191210 074300,1,"Odd behavior in RH sensor at power on: Plausibly, when the tower was powered back on after being off, the (heated) RH sensor needed to warm and equillibrate. It seems this equillibration period is 15-30 min and has a characteristic shape: when the tower turns on the RH starts very low, increases very high then falls back to the accurate value. Instead of automating a screening procedure I just mannually screened the RH data.",ccox
rh_2m,20191211 080400,20191211 082900,1,"Odd behavior in RH sensor at power on: Plausibly, when the tower was powered back on after being off, the (heated) RH sensor needed to warm and equillibrate. It seems this equillibration period is 15-30 min and has a characteristic shape: when the tower turns on the RH starts very low, increases very high then falls back to the accurate value. Instead of automating a screening procedure I just mannually screened the RH data.",ccox
rh_2m,20200115 075300,20200115 081800,1,"Odd behavior in RH sensor at power on: Plausibly, when the tower was powered back on after being off, the (heated) RH sensor needed to warm and equillibrate. It seems this equillibration period is 15-30 min and has a characteristic shape: when the tower turns on the RH starts very low, increases very high then falls back to the accurate value. Instead of automating a screening procedure I just mannually screened the RH data.",ccox
rh_2m,20200213 075900,20200213 082700,1,"Odd behavior in RH sensor at power on: Plausibly, when the tower was powered back on after being off, the (heated) RH sensor needed to warm and equillibrate. It seems this equillibration period is 15-30 min and has a characteristic shape: when the tower turns on the RH starts very low, increases very high then falls back to the accurate value. Instead of automating a screening procedure I just mannually screened the RH data.",ccox
rh_2m,20200311 173300,20200311 180100,1,"Odd behavior in RH sensor at power on: Plausibly, when the tower was powered back on after being off, the (heated) RH sensor needed to warm and equillibrate. It seems this equillibration period is 15-30 min and has a characteristic shape: when the tower turns on the RH starts very low, increases very high then falls back to the accurate value. Instead of automating a screening procedure I just mannually screened the RH data.",ccox
rh_2m,20200312 095000,20200312 120200,1,"Odd behavior in RH sensor at power on: Plausibly, when the tower was powered back on after being off, the (heated) RH sensor needed to warm and equillibrate. It seems this equillibration period is 15-30 min and has a characteristic shape: when the tower turns on the RH starts very low, increases very high then falls back to the accurate value. Instead of automating a screening procedure I just mannually screened the RH data.",ccox
rh_2m,20200323 235700,20200324 002300,1,"Odd behavior in RH sensor at power on: Plausibly, when the tower was powered back on after being off, the (heated) RH sensor needed to warm and equillibrate. It seems this equillibration period is 15-30 min and has a characteristic shape: when the tower turns on the RH starts very low, increases very high then falls back to the accurate value. Instead of automating a screening procedure I just mannually screened the RH data.",ccox
rh_2m,20200402 135800,20200402 142600,1,"Odd behavior in RH sensor at power on: Plausibly, when the tower was powered back on after being off, the (heated) RH sensor needed to warm and equillibrate. It seems this equillibration period is 15-30 min and has a characteristic shape: when the tower turns on the RH starts very low, increases very high then falls back to the accurate value. Instead of automating a screening procedure I just mannually screened the RH data.",ccox
rh_2m,20200404 091300,20200404 093800,1,"Odd behavior in RH sensor at power on: Plausibly, when the tower was powered back on after being off, the (heated) RH sensor needed to warm and equillibrate. It seems this equillibration period is 15-30 min and has a characteristic shape: when the tower turns on the RH starts very low, increases very high then falls back to the accurate value. Instead of automating a screening procedure I just mannually screened the RH data.",ccox
rh_2m,20200407 154200,20200407 161000,1,"Odd behavior in RH sensor at power on: Plausibly, when the tower was powered back on after being off, the (heated) RH sensor needed to warm and equillibrate. It seems this equillibration period is 15-30 min and has a characteristic shape: when the tower turns on the RH starts very low, increases very high then falls back to the accurate value. Instead of automating a screening procedure I just mannually screened the RH data.",ccox
rh_2m,20200420 084300,20200420 084600,1,"Odd behavior in RH sensor at power on: Plausibly, when the tower was powered back on after being off, the (heated) RH sensor needed to warm and equillibrate. It seems this equillibration period is 15-30 min and has a characteristic shape: when the tower turns on the RH starts very low, increases very high then falls back to the accurate value. Instead of automating a screening procedure I just mannually screened the RH data.",ccox
rh_6m,beg,20191019 071937,1,"Right at the beginning, possibly bogus temps",ccox
rh_6m,20191019 055600,20191019 060600,1,"Odd behavior in RH sensor at power on: Plausibly, when the tower was powered back on after being off, the (heated) RH sensor needed to warm and equillibrate. It seems this equillibration period is 15-30 min and has a characteristic shape: when the tower turns on the RH starts very low, increases very high then falls back to the accurate value. Instead of automating a screening procedure I just mannually screened the RH data.",ccox
rh_6m,20191118 111100,20191118 111300,1,"Odd behavior in RH sensor at power on: Plausibly, when the tower was powered back on after being off, the (heated) RH sensor needed to warm and equillibrate. It seems this equillibration period is 15-30 min and has a characteristic shape: when the tower turns on the RH starts very low, increases very high then falls back to the accurate value. Instead of automating a screening procedure I just mannually screened the RH data.",ccox
rh_6m,20191119 035900,20191119 042600,1,"Odd behavior in RH sensor at power on: Plausibly, when the tower was powered back on after being off, the (heated) RH sensor needed to warm and equillibrate. It seems this equillibration period is 15-30 min and has a characteristic shape: when the tower turns on the RH starts very low, increases very high then falls back to the accurate value. Instead of automating a screening procedure I just mannually screened the RH data.",ccox
rh_6m,20191119 111600,20191119 112000,1,"Odd behavior in RH sensor at power on: Plausibly, when the tower was powered back on after being off, the (heated) RH sensor needed to warm and equillibrate. It seems this equillibration period is 15-30 min and has a characteristic shape: when the tower turns on the RH starts very low, increases very high then falls back to the accurate value. Instead of automating a screening procedure I just mannually screened the RH data.",ccox
rh_6m,20191120 083900,20191120 085500,1,"Odd behavior in RH sensor at power on: Plausibly, when the tower was powered back on after being off, the (heated) RH sensor needed to warm and equillibrate. It seems this equillibration period is 15-30 min and has a characteristic shape: when the tower turns on the RH starts very low, increases very high then falls back to the accurate value. Instead of automating a screening procedure I just mannually screened the RH data.",ccox
rh_6m,20191120 095000,20191120 095600,1,"Odd behavior in RH sensor at power on: Plausibly, when the tower was powered back on after being off, the (heated) RH sensor needed to warm and equillibrate. It seems this equillibration period is 15-30 min and has a characteristic shape: when the tower turns on the RH starts very low, increases very high then falls back to the accurate value. Instead of automating a screening procedure I just mannually screened the RH data.",ccox
rh_6m,20191121 040500,20191121 041600,1,"Odd behavior in RH sensor at power on: Plausibly, when the tower was powered back on after being off, the (heated) RH sensor needed to warm and equillibrate. It seems this equillibration period is 15-30 min and has a characteristic shape: when the tower turns on the RH starts very low, increases very high then falls back to the accurate value. Instead of automating a screening procedure I just mannually screened the RH data.",ccox
rh_6m,20191121 112300,20191121 113400,1,"Odd behavior in RH sensor at power on: Plausibly, when the tower was powered back on after being off, the (heated) RH sensor needed to warm and equillibrate. It seems this equillibration period is 15-30 min and has a characteristic shape: when the tower turns on the RH starts very low, increases very high then falls back to the accurate value. Instead of automating a screening procedure I just mannually screened the RH data.",ccox
rh_6m,20191123 041600,20191123 043000,1,"Odd behavior in RH sensor at power on: Plausibly, when the tower was powered back on after being off, the (heated) RH sensor needed to warm and equillibrate. It seems this equillibration period is 15-30 min and has a characteristic shape: when the tower turns on the RH starts very low, increases very high then falls back to the accurate value. Instead of automating a screening procedure I just mannually screened the RH data.",ccox
rh_6m,20191123 111100,20191123 113300,1,"Odd behavior in RH sensor at power on: Plausibly, when the tower was powered back on after being off, the (heated) RH sensor needed to warm and equillibrate. It seems this equillibration period is 15-30 min and has a characteristic shape: when the tower turns on the RH starts very low, increases very high then falls back to the accurate value. Instead of automating a screening procedure I just mannually screened the RH data.",ccox
rh_6m,20191125 045100,20191125 045900,1,"Odd behavior in RH sensor at power on: Plausibly, when the tower was powered back on after being off, the (heated) RH sensor needed to warm and equillibrate. It seems this equillibration period is 15-30 min and has a characteristic shape: when the tower turns on the RH starts very low, increases very high then falls back to the accurate value. Instead of automating a screening procedure I just mannually screened the RH data.",ccox
rh_6m,20191125 093400,20191125 005400,1,"Odd behavior in RH sensor at power on: Plausibly, when the tower was powered back on after being off, the (heated) RH sensor needed to warm and equillibrate. It seems this equillibration period is 15-30 min and has a characteristic shape: when the tower turns on the RH starts very low, increases very high then falls back to the accurate value. Instead of automating a screening procedure I just mannually screened the RH data.",ccox
rh_6m,20191126 053600,20191126 060000,1,"Odd behavior in RH sensor at power on: Plausibly, when the tower was powered back on after being off, the (heated) RH sensor needed to warm and equillibrate. It seems this equillibration period is 15-30 min and has a characteristic shape: when the tower turns on the RH starts very low, increases very high then falls back to the accurate value. Instead of automating a screening procedure I just mannually screened the RH data.",ccox
rh_6m,20191127 045500,20191127 054400,1,"Odd behavior in RH sensor at power on: Plausibly, when the tower was powered back on after being off, the (heated) RH sensor needed to warm and equillibrate. It seems this equillibration period is 15-30 min and has a characteristic shape: when the tower turns on the RH starts very low, increases very high then falls back to the accurate value. Instead of automating a screening procedure I just mannually screened the RH data.",ccox
rh_6m,20191128 043500,20191128 044800,1,"Odd behavior in RH sensor at power on: Plausibly, when the tower was powered back on after being off, the (heated) RH sensor needed to warm and equillibrate. It seems this equillibration period is 15-30 min and has a characteristic shape: when the tower turns on the RH starts very low, increases very high then falls back to the accurate value. Instead of automating a screening procedure I just mannually screened the RH data.",ccox
rh_6m,20191128 121100,20191128 123700,1,"Odd behavior in RH sensor at power on: Plausibly, when the tower was powered back on after being off, the (heated) RH sensor needed to warm and equillibrate. It seems this equillibration period is 15-30 min and has a characteristic shape: when the tower turns on the RH starts very low, increases very high then falls back to the accurate value. Instead of automating a screening procedure I just mannually screened the RH data.",ccox
rh_6m,20191204 060000,20191204 110800,1,"Odd behavior in RH sensor at power on: Plausibly, when the tower was powered back on after being off, the (heated) RH sensor needed to warm and equillibrate. It seems this equillibration period is 15-30 min and has a characteristic shape: when the tower turns on the RH starts very low, increases very high then falls back to the accurate value. Instead of automating a screening procedure I just mannually screened the RH data.",ccox
rh_6m,20191205 060500,20191205 060700,1,"Odd behavior in RH sensor at power on: Plausibly, when the tower was powered back on after being off, the (heated) RH sensor needed to warm and equillibrate. It seems this equillibration period is 15-30 min and has a characteristic shape: when the tower turns on the RH starts very low, increases very high then falls back to the accurate value. Instead of automating a screening procedure I just mannually screened the RH data.",ccox
rh_6m,20191210 071700,20191210 074300,1,"Odd behavior in RH sensor at power on: Plausibly, when the tower was powered back on after being off, the (heated) RH sensor needed to warm and equillibrate. It seems this equillibration period is 15-30 min and has a characteristic shape: when the tower turns on the RH starts very low, increases very high then falls back to the accurate value. Instead of automating a screening procedure I just mannually screened the RH data.",ccox
rh_6m,20191211 080400,20191211 082900,1,"Odd behavior in RH sensor at power on: Plausibly, when the tower was powered back on after being off, the (heated) RH sensor needed to warm and equillibrate. It seems this equillibration period is 15-30 min and has a characteristic shape: when the tower turns on the RH starts very low, increases very high then falls back to the accurate value. Instead of automating a screening procedure I just mannually screened the RH data.",ccox
rh_6m,20200115 075300,20200115 081800,1,"Odd behavior in RH sensor at power on: Plausibly, when the tower was powered back on after being off, the (heated) RH sensor needed to warm and equillibrate. It seems this equillibration period is 15-30 min and has a characteristic shape: when the tower turns on the RH starts very low, increases very high then falls back to the accurate value. Instead of automating a screening procedure I just mannually screened the RH data.",ccox
rh_6m,20200213 075900,20200213 082700,1,"Odd behavior in RH sensor at power on: Plausibly, when the tower was powered back on after being off, the (heated) RH sensor needed to warm and equillibrate. It seems this equillibration period is 15-30 min and has a characteristic shape: when the tower turns on the RH starts very low, increases very high then falls back to the accurate value. Instead of automating a screening procedure I just mannually screened the RH data.",ccox
rh_6m,20200311 173300,20200311 180100,1,"Odd behavior in RH sensor at power on: Plausibly, when the tower was powered back on after being off, the (heated) RH sensor needed to warm and equillibrate. It seems this equillibration period is 15-30 min and has a characteristic shape: when the tower turns on the RH starts very low, increases very high then falls back to the accurate value. Instead of automating a screening procedure I just mannually screened the RH data.",ccox
rh_6m,20200312 095000,20200312 102600,1,"Odd behavior in RH sensor at power on: Plausibly, when the tower was powered back on after being off, the (heated) RH sensor needed to warm and equillibrate. It seems this equillibration period is 15-30 min and has a characteristic shape: when the tower turns on the RH starts very low, increases very high then falls back to the accurate value. Instead of automating a screening procedure I just mannually screened the RH data.",ccox
rh_6m,20200323 235700,20200324 002300,1,"Odd behavior in RH sensor at power on: Plausibly, when the tower was powered back on after being off, the (heated) RH sensor needed to warm and equillibrate. It seems this equillibration period is 15-30 min and has a characteristic shape: when the tower turns on the RH starts very low, increases very high then falls back to the accurate value. Instead of automating a screening procedure I just mannually screened the RH data.",ccox
rh_6m,20200402 135800,20200402 142600,1,"Odd behavior in RH sensor at power on: Plausibly, when the tower was powered back on after being off, the (heated) RH sensor needed to warm and equillibrate. It seems this equillibration period is 15-30 min and has a characteristic shape: when the tower turns on the RH starts very low, increases very high then falls back to the accurate value. Instead of automating a screening procedure I just mannually screened the RH data.",ccox
rh_6m,20200404 091300,20200404 093800,1,"Odd behavior in RH sensor at power on: Plausibly, when the tower was powered back on after being off, the (heated) RH sensor needed to warm and equillibrate. It seems this equillibration period is 15-30 min and has a characteristic shape: when the tower turns on the RH starts very low, increases very high then falls back to the accurate value. Instead of automating a screening procedure I just mannually screened the RH data.",ccox
rh_6m,20200407 154200,20200407 161000,1,"Odd behavior in RH sensor at power on: Plausibly, when the tower was powered back on after being off, the (heated) RH sensor needed to warm and equillibrate. It seems this equillibration period is 15-30 min and has a characteristic shape: when the tower turns on the RH starts very low, increases very high then falls back to the accurate value. Instead of automating a screening procedure I just mannually screened the RH data.",ccox
rh_6m,20200420 084300,20200420 084600,1,"Odd behavior in RH sensor at power on: Plausibly, when the tower was powered back on after being off, the (heated) RH sensor needed to warm and equillibrate. It seems this equillibration period is 15-30 min and has a characteristic shape: when the tower turns on the RH starts very low, increases very high then falls back to the accurate value. Instead of automating a screening procedure I just mannually screened the RH data.",ccox
rh_6m,20200719 175653,20200719 180100,2,big spike with some hysteresis in the response. ,ccox
temp_10m,beg,20191019 071937,1,"Right at the beginning, possibly bogus temps",ccox
temp_2m,20200117 172132,20200119 115500,2,Constant values. Probably sensor not responding and last response stuck in logger memory allocation.,ccox
temp_2m,beg,20191019 071937,1,"Right at the beginning, possibly bogus temps",ccox
temp_6m,beg,20191019 071937,1,"Right at the beginning, possibly bogus temps",ccox
temp_6m,20200719 175653,20200719 180100,2,big spike with some hysteresis in the response. ,ccox
dew_point_10m,beg,20191019 071937,1,"Right at the beginning, possibly bogus temps",ccox
dew_point_2m,20200117 172132,20200119 115500,2,Constant values. Probably sensor not responding and last response stuck in logger memory allocation.,ccox
dew_point_2m,beg,20191019 071937,1,"Right at the beginning, possibly bogus temps",ccox
dew_point_6m,beg,20191019 071937,1,"Right at the beginning, possibly bogus temps",ccox
vapor_pressure_10m,20200712 184300,20200712 191900,2,"Odd behavior in RH sensor at power on: Plausibly, when the tower was powered back on after being off, the (heated) RH sensor needed to warm and equillibrate. It seems this equillibration period is 15-30 min and has a characteristic shape: when the tower turns on the RH starts very low, increases very high then falls back to the accurate value. Instead of automating a screening procedure I just mannually screened the RH data.",ccox
vapor_pressure_10m,20200716 111200,20200716 114300,2,"Odd behavior in RH sensor at power on: Plausibly, when the tower was powered back on after being off, the (heated) RH sensor needed to warm and equillibrate. It seems this equillibration period is 15-30 min and has a characteristic shape: when the tower turns on the RH starts very low, increases very high then falls back to the accurate value. Instead of automating a screening procedure I just mannually screened the RH data.",ccox
vapor_pressure_10m,20200717 064900,20200717 072200,2,"Odd behavior in RH sensor at power on: Plausibly, when the tower was powered back on after being off, the (heated) RH sensor needed to warm and equillibrate. It seems this equillibration period is 15-30 min and has a characteristic shape: when the tower turns on the RH starts very low, increases very high then falls back to the accurate value. Instead of automating a screening procedure I just mannually screened the RH data.",ccox
vapor_pressure_10m,20200718 100100,20200718 101500,2,"Odd behavior in RH sensor at power on: Plausibly, when the tower was powered back on after being off, the (heated) RH sensor needed to warm and equillibrate. It seems this equillibration period is 15-30 min and has a characteristic shape: when the tower turns on the RH starts very low, increases very high then falls back to the accurate value. Instead of automating a screening procedure I just mannually screened the RH data.",ccox
vapor_pressure_2m,20200712 184300,20200712 191900,2,"Odd behavior in RH sensor at power on: Plausibly, when the tower was powered back on after being off, the (heated) RH sensor needed to warm and equillibrate. It seems this equillibration period is 15-30 min and has a characteristic shape: when the tower turns on the RH starts very low, increases very high then falls back to the accurate value. Instead of automating a screening procedure I just mannually screened the RH data.",ccox
vapor_pressure_2m,20200716 111200,20200716 114300,2,"Odd behavior in RH sensor at power on: Plausibly, when the tower was powered back on after being off, the (heated) RH sensor needed to warm and equillibrate. It seems this equillibration period is 15-30 min and has a characteristic shape: when the tower turns on the RH starts very low, increases very high then falls back to the accurate value. Instead of automating a screening procedure I just mannually screened the RH data.",ccox
vapor_pressure_2m,20200717 064900,20200717 072200,2,"Odd behavior in RH sensor at power on: Plausibly, when the tower was powered back on after being off, the (heated) RH sensor needed to warm and equillibrate. It seems this equillibration period is 15-30 min and has a characteristic shape: when the tower turns on the RH starts very low, increases very high then falls back to the accurate value. Instead of automating a screening procedure I just mannually screened the RH data.",ccox
vapor_pressure_2m,20200718 100100,20200718 101500,2,"Odd behavior in RH sensor at power on: Plausibly, when the tower was powered back on after being off, the (heated) RH sensor needed to warm and equillibrate. It seems this equillibration period is 15-30 min and has a characteristic shape: when the tower turns on the RH starts very low, increases very high then falls back to the accurate value. Instead of automating a screening procedure I just mannually screened the RH data.",ccox
vapor_pressure_6m,20200712 184300,20200712 191900,2,"Odd behavior in RH sensor at power on: Plausibly, when the tower was powered back on after being off, the (heated) RH sensor needed to warm and equillibrate. It seems this equillibration period is 15-30 min and has a characteristic shape: when the tower turns on the RH starts very low, increases very high then falls back to the accurate value. Instead of automating a screening procedure I just mannually screened the RH data.",ccox
vapor_pressure_6m,20200716 111200,20200716 114300,2,"Odd behavior in RH sensor at power on: Plausibly, when the tower was powered back on after being off, the (heated) RH sensor needed to warm and equillibrate. It seems this equillibration period is 15-30 min and has a characteristic shape: when the tower turns on the RH starts very low, increases very high then falls back to the accurate value. Instead of automating a screening procedure I just mannually screened the RH data.",ccox
vapor_pressure_6m,20200717 064900,20200717 072200,2,"Odd behavior in RH sensor at power on: Plausibly, when the tower was powered back on after being off, the (heated) RH sensor needed to warm and equillibrate. It seems this equillibration period is 15-30 min and has a characteristic shape: when the tower turns on the RH starts very low, increases very high then falls back to the accurate value. Instead of automating a screening procedure I just mannually screened the RH data.",ccox
vapor_pressure_6m,20200718 100100,20200718 101500,2,"Odd behavior in RH sensor at power on: Plausibly, when the tower was powered back on after being off, the (heated) RH sensor needed to warm and equillibrate. It seems this equillibration period is 15-30 min and has a characteristic shape: when the tower turns on the RH starts very low, increases very high then falls back to the accurate value. Instead of automating a screening procedure I just mannually screened the RH data.",ccox